{"count":1,"self":363.1795712,"total":920.28785659999994,"children":{"AgentSendState":{"count":234884,"self":7.0306175999999994,"total":36.5761117,"children":{"CollectObservations":{"count":704655,"self":12.7437592,"total":12.7437594,"children":null},"CollectDiscreteActionMasks":{"count":704655,"self":0.8387386,"total":0.8387386,"children":null},"AgentInfo.ToProto":{"count":704655,"self":2.5473756,"total":15.9629962,"children":{"GenerateSensorData":{"count":704655,"self":13.4156208,"total":13.415620599999999,"children":null}}}}},"DecideAction":{"count":234884,"self":478.5215488,"total":478.5215508,"children":null},"AgentAct":{"count":234884,"self":40.4856544,"total":41.099573299999996,"children":{"AgentInfo.ToProto":{"count":21668,"self":0.1361281,"total":0.61392039999999992,"children":{"GenerateSensorData":{"count":21668,"self":0.4777923,"total":0.4777923,"children":null}}}}},"AgentInfo.ToProto":{"count":31181,"self":0.18516249999999998,"total":0.91003839999999991,"children":{"GenerateSensorData":{"count":31181,"self":0.7248759,"total":0.7248759,"children":null}}}},"gauges":{"StandingRagdoll.CumulativeReward":{"count":52849,"max":200.1046,"min":-0.5985974,"runningAverage":14.1470327,"value":40.7160034,"weightedAverage":39.9353828}},"metadata":{"timer_format_version":"0.1.0","start_time_seconds":"1605991705","unity_version":"2020.1.9f1","command_line_arguments":"D:\\Programs\\Unity\\2020.1.9f1\\Editor\\Unity.exe -projectpath D:\/Sergio\/Projects\/OPENED - TFG\/PruebasTFG -useHub -hubIPC -cloudEnvironment production -hubSessionId 1fabb260-2bf5-11eb-90a6-f798834c73a8","communication_protocol_version":"1.0.0","com.unity.ml-agents_version":"1.0.5","scene_name":"Standing Ragdoll","end_time_seconds":"1605992626"}}