{"count":1,"self":4179.3019904,"total":10519.3937149,"children":{"AgentSendState":{"count":2865317,"self":87.2079104,"total":532.9711575,"children":{"CollectObservations":{"count":8595960,"self":225.443584,"total":225.44357789999998,"children":null},"CollectDiscreteActionMasks":{"count":8595960,"self":10.893681599999999,"total":10.8936815,"children":null},"AgentInfo.ToProto":{"count":8595960,"self":32.0419232,"total":209.42598569999998,"children":{"GenerateSensorData":{"count":8595960,"self":177.384064,"total":177.3840624,"children":null}}}}},"DecideAction":{"count":2865317,"self":5317.1814399999994,"total":5317.1814983999993,"children":null},"AgentAct":{"count":2865317,"self":482.891776,"total":484.9996723,"children":{"AgentInfo.ToProto":{"count":69358,"self":0.40441279999999996,"total":2.1079073,"children":{"GenerateSensorData":{"count":69358,"self":1.7034943999999999,"total":1.7034945,"children":null}}}}},"AgentInfo.ToProto":{"count":146436,"self":0.96295009999999992,"total":4.9384185,"children":{"GenerateSensorData":{"count":146436,"self":3.9754684,"total":3.9754684,"children":null}}}},"gauges":{"StandingRagdoll.CumulativeReward":{"count":215794,"max":23585.2656,"min":-8.984003,"runningAverage":83.93487,"value":15352.918,"weightedAverage":6108.36475}},"metadata":{"timer_format_version":"0.1.0","start_time_seconds":"1606081378","unity_version":"2020.1.9f1","command_line_arguments":"D:\\Programs\\Unity\\2020.1.9f1\\Editor\\Unity.exe -projectpath D:\/Sergio\/Projects\/OPENED - TFG\/PruebasTFG -useHub -hubIPC -cloudEnvironment production -hubSessionId 039df620-2ca2-11eb-97f8-39bca9c33383","communication_protocol_version":"1.0.0","com.unity.ml-agents_version":"1.0.5","scene_name":"Standing Ragdoll","end_time_seconds":"1606091897"}}