{"count":1,"self":231.844352,"total":607.56315669999992,"children":{"AgentSendState":{"count":149734,"self":4.3194479999999995,"total":22.222707999999997,"children":{"CollectObservations":{"count":449205,"self":7.6774024,"total":7.6774026,"children":null},"CollectDiscreteActionMasks":{"count":449205,"self":0.5905988,"total":0.5905988,"children":null},"AgentInfo.ToProto":{"count":449205,"self":1.5344643999999998,"total":9.6352584,"children":{"GenerateSensorData":{"count":449205,"self":8.1007936,"total":8.100794,"children":null}}}}},"DecideAction":{"count":149734,"self":327.41171199999997,"total":327.41170819999996,"children":null},"AgentAct":{"count":149734,"self":24.3027616,"total":24.3187733,"children":{"AgentInfo.ToProto":{"count":563,"self":0.0050027,"total":0.0160114,"children":{"GenerateSensorData":{"count":563,"self":0.0110087,"total":0.0110087,"children":null}}}}},"AgentInfo.ToProto":{"count":60735,"self":0.41038369999999996,"total":1.7646136,"children":{"GenerateSensorData":{"count":60735,"self":1.3542299,"total":1.3542299,"children":null}}}},"gauges":{"My Behavior.CumulativeReward":{"count":61298,"max":38.83923,"min":-0.473887026,"runningAverage":2.82051015,"value":-0.017027067,"weightedAverage":0.5628381}},"metadata":{"timer_format_version":"0.1.0","start_time_seconds":"1605990702","unity_version":"2020.1.9f1","command_line_arguments":"D:\\Programs\\Unity\\2020.1.9f1\\Editor\\Unity.exe -projectpath D:\/Sergio\/Projects\/OPENED - TFG\/PruebasTFG -useHub -hubIPC -cloudEnvironment production -hubSessionId 1fabb260-2bf5-11eb-90a6-f798834c73a8","communication_protocol_version":"1.0.0","com.unity.ml-agents_version":"1.0.5","scene_name":"Standing Ragdoll","end_time_seconds":"1605991310"}}