{"count":1,"self":1967.6604416,"total":4525.0456345,"children":{"AgentSendState":{"count":1215917,"self":40.837468799999996,"total":188.1360828,"children":{"CollectObservations":{"count":4377312,"self":59.9028928,"total":59.902893899999995,"children":null},"CollectDiscreteActionMasks":{"count":4377312,"self":5.5881848,"total":5.588185,"children":null},"AgentInfo.ToProto":{"count":4377312,"self":16.219303999999998,"total":81.807535899999991,"children":{"GenerateSensorData":{"count":4377312,"self":65.5882304,"total":65.5882313,"children":null}}}}},"DecideAction":{"count":1215917,"self":2231.3191423999997,"total":2231.3191248,"children":null},"AgentAct":{"count":1215917,"self":136.1629056,"total":137.9288891,"children":{"AgentInfo.ToProto":{"count":76535,"self":0.40641839999999996,"total":1.7659824,"children":{"GenerateSensorData":{"count":76535,"self":1.359564,"total":1.359564,"children":null}}}}}},"gauges":{"StandingRagdoll.CumulativeReward":{"count":76535,"max":3926.40967,"min":-0.640425265,"runningAverage":70.68618,"value":2695.36426,"weightedAverage":1259.36218}},"metadata":{"timer_format_version":"0.1.0","start_time_seconds":"1605285718","unity_version":"2020.1.9f1","command_line_arguments":"D:\\Programs\\Unity\\2020.1.9f1\\Editor\\Unity.exe -projectpath D:\/Sergio\/Projects\/OPENED - TFG\/PruebasTFG -useHub -hubIPC -cloudEnvironment production -hubSessionId 819287e0-2599-11eb-809b-4bf86316d931","communication_protocol_version":"1.0.0","com.unity.ml-agents_version":"1.0.5","scene_name":"Standing Ragdoll","end_time_seconds":"1605290243"}}