{"count":1,"self":132.143936,"total":339.330487,"children":{"AgentSendState":{"count":91134,"self":2.2663173999999997,"total":15.3355719,"children":{"CollectObservations":{"count":218724,"self":8.5011904,"total":8.5011900999999988,"children":null},"CollectDiscreteActionMasks":{"count":218724,"self":0.2738404,"total":0.2738404,"children":null},"AgentInfo.ToProto":{"count":218724,"self":0.72686469999999992,"total":4.294224,"children":{"GenerateSensorData":{"count":218724,"self":3.5673592,"total":3.5673592999999997,"children":null}}}}},"DecideAction":{"count":91134,"self":179.730368,"total":179.7303634,"children":null},"AgentAct":{"count":91134,"self":11.242732799999999,"total":11.2427329,"children":null},"AgentInfo.ToProto":{"count":32133,"self":0.20922849999999998,"total":0.87788159999999993,"children":{"GenerateSensorData":{"count":32133,"self":0.6686531,"total":0.6686531,"children":null}}}},"gauges":{"StandingRagdoll.CumulativeReward":{"count":32133,"max":19.6335888,"min":-15.11819,"runningAverage":4.92966938,"value":6.521722,"weightedAverage":6.354821}},"metadata":{"timer_format_version":"0.1.0","start_time_seconds":"1606146084","unity_version":"2020.1.9f1","command_line_arguments":"D:\\Programs\\Unity\\2020.1.9f1\\Editor\\Unity.exe -projectpath D:\/Sergio\/Projects\/OPENED - TFG\/PruebasTFG -useHub -hubIPC -cloudEnvironment production -hubSessionId a808fc00-2d65-11eb-8a36-a7cb5386dc83","communication_protocol_version":"1.0.0","com.unity.ml-agents_version":"1.0.5","scene_name":"Standing Ragdoll","end_time_seconds":"1606146423"}}