{"count":1,"self":64.882841599999992,"total":76.81688539999999,"children":{"AgentSendState":{"count":5181,"self":0.0999178,"total":2.1042993,"children":{"CollectObservations":{"count":5181,"self":1.9953653999999998,"total":1.9953653999999998,"children":null},"CollectDiscreteActionMasks":{"count":5181,"self":0.0090160999999999991,"total":0.0090160999999999991,"children":null}}},"DecideAction":{"count":5181,"self":9.3758863999999988,"total":9.3758866999999988,"children":null},"AgentAct":{"count":5181,"self":0.4528558,"total":0.4528558,"children":null}},"gauges":{"StandingRagdoll.CumulativeReward":{"count":4,"max":662.8445,"min":0.4689216,"runningAverage":197.3798,"value":103.349678,"weightedAverage":128.780289}},"metadata":{"timer_format_version":"0.1.0","start_time_seconds":"1617790745","unity_version":"2020.1.9f1","command_line_arguments":"D:\\Programs\\Unity\\2020.1.9f1\\Editor\\Unity.exe -projectpath D:\/Sergio\/Projects\/OPENED - TFG\/PruebasTFG -useHub -hubIPC -cloudEnvironment production -hubSessionId 8e2af7f0-9784-11eb-a1c7-e139c497e783","communication_protocol_version":"1.0.0","com.unity.ml-agents_version":"1.0.5","scene_name":"Standing Ragdoll","end_time_seconds":"1617790822"}}