{"count":1,"self":4490.7003903999994,"total":11440.232775999999,"children":{"AgentSendState":{"count":3032901,"self":90.66373759999999,"total":462.4688806,"children":{"CollectObservations":{"count":9098715,"self":156.4683392,"total":156.4683344,"children":null},"CollectDiscreteActionMasks":{"count":9098715,"self":11.6316528,"total":11.6316525,"children":null},"AgentInfo.ToProto":{"count":9098715,"self":33.3316736,"total":203.7051565,"children":{"GenerateSensorData":{"count":9098715,"self":170.37347839999998,"total":170.3734833,"children":null}}}}},"DecideAction":{"count":3032901,"self":5970.2308864,"total":5970.2309910999993,"children":null},"AgentAct":{"count":3032901,"self":499.09898239999995,"total":501.81498239999996,"children":{"AgentInfo.ToProto":{"count":94003,"self":0.5731742,"total":2.7160062,"children":{"GenerateSensorData":{"count":94003,"self":2.142832,"total":2.142832,"children":null}}}}},"AgentInfo.ToProto":{"count":502530,"self":3.0072984,"total":15.0164306,"children":{"GenerateSensorData":{"count":502530,"self":12.009132,"total":12.0091322,"children":null}}}},"gauges":{"StandingRagdoll.CumulativeReward":{"count":596533,"max":2574.443,"min":-11.14463,"runningAverage":24.6007252,"value":-0.7770902,"weightedAverage":1.0671562}},"metadata":{"timer_format_version":"0.1.0","start_time_seconds":"1606068354","unity_version":"2020.1.9f1","command_line_arguments":"D:\\Programs\\Unity\\2020.1.9f1\\Editor\\Unity.exe -projectpath D:\/Sergio\/Projects\/OPENED - TFG\/PruebasTFG -useHub -hubIPC -cloudEnvironment production -hubSessionId 039df620-2ca2-11eb-97f8-39bca9c33383","communication_protocol_version":"1.0.0","com.unity.ml-agents_version":"1.0.5","scene_name":"Standing Ragdoll","end_time_seconds":"1606079794"}}