{
    "name": "root",
    "gauges": {
        "RollerBall.Policy.Entropy.mean": {
            "value": 1.4139927625656128,
            "min": 1.4139927625656128,
            "max": 1.4139927625656128,
            "count": 1
        },
        "RollerBall.Environment.EpisodeLength.mean": {
            "value": 5.577909270216963,
            "min": 5.577909270216963,
            "max": 5.577909270216963,
            "count": 1
        },
        "RollerBall.Policy.ExtrinsicValueEstimate.mean": {
            "value": 0.9690301418304443,
            "min": 0.9690301418304443,
            "max": 0.9690301418304443,
            "count": 1
        },
        "RollerBall.Environment.CumulativeReward.mean": {
            "value": 0.9920792079207921,
            "min": 0.9920792079207921,
            "max": 0.9920792079207921,
            "count": 1
        },
        "RollerBall.Policy.ExtrinsicReward.mean": {
            "value": 0.9920792079207921,
            "min": 0.9920792079207921,
            "max": 0.9920792079207921,
            "count": 1
        },
        "RollerBall.Losses.ValueLoss.mean": {
            "value": 0.003816247219219804,
            "min": 0.003816247219219804,
            "max": 0.003816247219219804,
            "count": 1
        },
        "RollerBall.Losses.PolicyLoss.mean": {
            "value": 0.2470315545797348,
            "min": 0.2470315545797348,
            "max": 0.2470315545797348,
            "count": 1
        },
        "RollerBall.Policy.LearningRate.mean": {
            "value": 0.0002479763643350452,
            "min": 0.0002479763643350452,
            "max": 0.0002479763643350452,
            "count": 1
        },
        "RollerBall.Policy.Epsilon.mean": {
            "value": 0.18265880644321442,
            "min": 0.18265880644321442,
            "max": 0.18265880644321442,
            "count": 1
        },
        "RollerBall.Policy.Beta.mean": {
            "value": 0.00041502798558212817,
            "min": 0.00041502798558212817,
            "max": 0.00041502798558212817,
            "count": 1
        },
        "RollerBall.IsTraining.mean": {
            "value": 1.0,
            "min": 1.0,
            "max": 1.0,
            "count": 1
        }
    },
    "metadata": {
        "timer_format_version": "0.1.0",
        "start_time_seconds": "1604061851",
        "python_version": "3.6.6 (v3.6.6:4cf1f54eb7, Jun 27 2018, 03:37:03) [MSC v.1900 64 bit (AMD64)]",
        "command_line_arguments": "C:\\Users\\Froze\\AppData\\Roaming\\Python\\Python36\\Scripts\\mlagents-learn rollerball_config.yaml --run-id=Test1 --resume",
        "mlagents_version": "0.21.0",
        "mlagents_envs_version": "0.21.0",
        "communication_protocol_version": "1.2.0",
        "tensorflow_version": "2.3.1",
        "numpy_version": "1.18.5",
        "end_time_seconds": "1604061895"
    },
    "total": 44.491140699999995,
    "count": 1,
    "self": 0.006736500000002366,
    "children": {
        "run_training.setup": {
            "total": 0.0185974,
            "count": 1,
            "self": 0.0185974
        },
        "TrainerController.start_learning": {
            "total": 44.465806799999996,
            "count": 1,
            "self": 0.08995760000009057,
            "children": {
                "TrainerController._reset_env": {
                    "total": 15.3805206,
                    "count": 1,
                    "self": 15.3805206
                },
                "TrainerController.advance": {
                    "total": 28.363602199999903,
                    "count": 3159,
                    "self": 0.04440209999978961,
                    "children": {
                        "env_step": {
                            "total": 28.319200100000113,
                            "count": 3159,
                            "self": 23.54974749999989,
                            "children": {
                                "SubprocessEnvManager._take_step": {
                                    "total": 4.723073100000066,
                                    "count": 3159,
                                    "self": 0.062327700000059494,
                                    "children": {
                                        "TFPolicy.evaluate": {
                                            "total": 4.660745400000007,
                                            "count": 1767,
                                            "self": 4.660745400000007
                                        }
                                    }
                                },
                                "workers": {
                                    "total": 0.04637950000015678,
                                    "count": 3158,
                                    "self": 0.0,
                                    "children": {
                                        "worker_root": {
                                            "total": 33.20292420000003,
                                            "count": 3158,
                                            "is_parallel": true,
                                            "self": 13.700424700000127,
                                            "children": {
                                                "steps_from_proto": {
                                                    "total": 0.00042479999999999997,
                                                    "count": 1,
                                                    "is_parallel": true,
                                                    "self": 0.00016979999999999995,
                                                    "children": {
                                                        "_process_vector_observation": {
                                                            "total": 0.000255,
                                                            "count": 2,
                                                            "is_parallel": true,
                                                            "self": 0.000255
                                                        }
                                                    }
                                                },
                                                "UnityEnvironment.step": {
                                                    "total": 19.5020746999999,
                                                    "count": 3158,
                                                    "is_parallel": true,
                                                    "self": 0.30009509999985085,
                                                    "children": {
                                                        "UnityEnvironment._generate_step_input": {
                                                            "total": 0.22775130000001287,
                                                            "count": 3158,
                                                            "is_parallel": true,
                                                            "self": 0.22775130000001287
                                                        },
                                                        "communicator.exchange": {
                                                            "total": 18.322809699999933,
                                                            "count": 3158,
                                                            "is_parallel": true,
                                                            "self": 18.322809699999933
                                                        },
                                                        "steps_from_proto": {
                                                            "total": 0.6514186000001025,
                                                            "count": 3158,
                                                            "is_parallel": true,