{
    "name": "root",
    "gauges": {
        "StandingRagdoll.Policy.Entropy.mean": {
            "value": 1.418247938156128,
            "min": 1.418247938156128,
            "max": 1.4189382791519165,
            "count": 3
        },
        "StandingRagdoll.Environment.EpisodeLength.mean": {
            "value": 6.622239146991622,
            "min": 6.622239146991622,
            "max": 6.945945945945946,
            "count": 3
        },
        "StandingRagdoll.Policy.ExtrinsicValueEstimate.mean": {
            "value": -1.3323516845703125,
            "min": -1.3323516845703125,
            "max": -0.02573656477034092,
            "count": 3
        },
        "StandingRagdoll.Environment.CumulativeReward.mean": {
            "value": -28.82213657100239,
            "min": -28.82213657100239,
            "max": -28.693627592490095,
            "count": 3
        },
        "StandingRagdoll.Policy.ExtrinsicReward.mean": {
            "value": -28.82213657100239,
            "min": -28.82213657100239,
            "max": -28.693627592490095,
            "count": 3
        },
        "StandingRagdoll.IsTraining.mean": {
            "value": 1.0,
            "min": 1.0,
            "max": 1.0,
            "count": 3
        },
        "StandingRagdoll.Losses.ValueLoss.mean": {
            "value": 983.4058837890625,
            "min": 983.4058837890625,
            "max": 983.4058837890625,
            "count": 1
        },
        "StandingRagdoll.Losses.PolicyLoss.mean": {
            "value": 0.03694844990968704,
            "min": 0.03694844990968704,
            "max": 0.03694844990968704,
            "count": 1
        },
        "StandingRagdoll.Policy.LearningRate.mean": {
            "value": 0.0002997952396981418,
            "min": 0.0002997952396981418,
            "max": 0.0002997952396981418,
            "count": 1
        },
        "StandingRagdoll.Policy.Epsilon.mean": {
            "value": 0.19993171095848083,
            "min": 0.19993171095848083,
            "max": 0.19993171095848083,
            "count": 1
        },
        "StandingRagdoll.Policy.Beta.mean": {
            "value": 0.004996593575924635,
            "min": 0.004996593575924635,
            "max": 0.004996593575924635,
            "count": 1
        }
    },
    "metadata": {
        "timer_format_version": "0.1.0",
        "start_time_seconds": "1604080821",
        "python_version": "3.6.6 (v3.6.6:4cf1f54eb7, Jun 27 2018, 03:37:03) [MSC v.1900 64 bit (AMD64)]",
        "command_line_arguments": "C:\\Users\\Froze\\AppData\\Roaming\\Python\\Python36\\Scripts\\mlagents-learn standing_ragdoll.yaml --run-id=TestStanding5",
        "mlagents_version": "0.21.0",
        "mlagents_envs_version": "0.21.0",
        "communication_protocol_version": "1.2.0",
        "tensorflow_version": "2.3.1",
        "numpy_version": "1.18.5",
        "end_time_seconds": "1604080894"
    },
    "total": 73.7370995,
    "count": 1,
    "self": 0.006778399999987528,
    "children": {
        "run_training.setup": {
            "total": 0.0078366,
            "count": 1,
            "self": 0.0078366
        },
        "TrainerController.start_learning": {
            "total": 73.72248450000001,
            "count": 1,
            "self": 0.1785138000001325,
            "children": {
                "TrainerController._reset_env": {
                    "total": 6.6393136,
                    "count": 1,
                    "self": 6.6393136
                },
                "TrainerController.advance": {
                    "total": 65.02399609999989,
                    "count": 6805,
                    "self": 0.08194270000002746,
                    "children": {
                        "env_step": {
                            "total": 64.94205339999986,
                            "count": 6805,
                            "self": 58.36326660000058,
                            "children": {
                                "SubprocessEnvManager._take_step": {
                                    "total": 6.482561199999741,
                                    "count": 6805,
                                    "self": 0.13717809999992614,
                                    "children": {
                                        "TFPolicy.evaluate": {
                                            "total": 6.345383099999815,
                                            "count": 3671,
                                            "self": 6.345383099999815
                                        }
                                    }
                                },
                                "workers": {
                                    "total": 0.09622559999954472,
                                    "count": 6804,
                                    "self": 0.0,
                                    "children": {
                                        "worker_root": {
                                            "total": 67.43747880000032,
                                            "count": 6804,
                                            "is_parallel": true,
                                            "self": 18.855600700000288,
                                            "children": {
                                                "steps_from_proto": {
                                                    "total": 0.0007324,
                                                    "count": 1,
                                                    "is_parallel": true,
                                                    "self": 0.00018649999999999993,
                                                    "children": {
                                                        "_process_vector_observation": {
                                                            "total": 0.0005459000000000001,
                                                            "count": 2,
                                                            "is_parallel": true,
                                                            "self": 0.0005459000000000001
                                                        }
                                                    }
                                                },
                                                "UnityEnvironment.step": {
                                                    "total": 48.581145700000036,
                                                    "count": 6804,
                                                    "is_parallel": true,
                                                    "self": 0.8739815000006104,
                                                    "children": {
                                                        "UnityEnvironment._generate_step_input": {
                                                            "total": 0.8499384999999711,
                                                            "count": 6804,
                                                            "is_parallel": true,
                                                            "self": 0.8499384999999711
                                                        },
                                                        "communicator.exchange": {
                                                            "total": 44.16134779999983,
                                                            "count": 6804,
                                                            "is_parallel": true,
                                                            "self": 44.16134779999983
                                                        },
                                                        "steps_from_proto": {
                                                            "total": 2.695877899999621,
                                                            "count": 6804,